HoleID,HoleType,Year,Property,Prospect,Grid,Easting,Northing,Elevation,NewsRelease,Length_m,Dip,Azimuth
BX23-001,DDH,2023,NIDD,Boundary South,NAD83 / UTM zone 9N,421750.587,7010122.185,1114.033,2023-08-22,219,-49.76,36.07
BX23-002,DDH,2023,NIDD,Boundary South,NAD83 / UTM zone 9N,421638.127,7010244.02,1137.085,2023-08-22,144,-49.89,13.42
DDH-79-1,DDH,1979,JASON,End Zone,NAD83 / UTM zone 9N,432861.44,7004987.45,1373.491,Historical,214.3,-55,35.19
DDH-79-2,DDH,1979,MAC,End Zone,NAD83 / UTM zone 9N,433026.83,7005052.05,1396.282,Historical,288.4,-55,35.19
EZ18-001,DDH,2018,JASON,End Zone,NAD83 / UTM zone 9N,433192.55,7004892.04,1398.411,2018-11-15,78.5,-52,201.19
EZ18-002,DDH,2018,JASON,End Zone,NAD83 / UTM zone 9N,433229.24,7004856.87,1395.462,2018-11-29,90.2,-57.71,213.19
EZ18-003,DDH,2018,JASON,End Zone,NAD83 / UTM zone 9N,433229.48,7004857.32,1395.449,2018-11-29,188.5,-81,213.19
EZ18-004,DDH,2018,JASON,End Zone,NAD83 / UTM zone 9N,433125.05,7004924.38,1396.654,2018-11-29,76.4,-51,212.19
EZ18-005,DDH,2018,JASON,End Zone,NAD83 / UTM zone 9N,432959.39,7005009.26,1389.081,2018-11-29,309,-50.43,213.13
JRC19-001,RC,2019,JASON,Exploration,NAD83 / UTM zone 9N,436229.06,7003017.66,1316.053,Historical,24.38,-50,5.53
JRC19-002,RC,2019,JASON,Exploration,NAD83 / UTM zone 9N,436235.39,7003037.84,1317.667,Historical,16.76,-50,5.53
JRC19-003,RC,2019,JASON,Exploration,NAD83 / UTM zone 9N,436241.52,7003050.59,1318.752,Historical,20.73,-60,5.53
JRC20-001,RC,2020,JASON,Jason Main,NAD83 / UTM zone 9N,436437,7002774,1298,2021-05-14,47.24,-50,27.03
JRC20-002,RC,2020,JASON,Jason Main,NAD83 / UTM zone 9N,436533,7002772,1300,2021-05-14,59.44,-65,10
JS17-001,DDH,2017,JASON,Jason Main,NAD83 / UTM zone 9N,436799.95,7002593.97,1199.93,2017-10-10,200,-52,16.12
JS17-002,DDH,2017,JASON,Jason Main,NAD83 / UTM zone 9N,436891.22,7002572.87,1183.23,2017-10-10,197,-59,13.12
JS17-003,DDH,2017,JASON,Jason Main,NAD83 / UTM zone 9N,436755.05,7002786.87,1253.78,2017-10-10,206,-71,191.12
JS17-004,DDH,2017,JASON,Jason Main,NAD83 / UTM zone 9N,436515.41,7002740.27,1296.54,2017-10-10,208.35,-69,26.12
JS17-005,DDH,2017,JASON,Jason Main,NAD83 / UTM zone 9N,436604.8,7002683.12,1272.23,2017-10-24,247.7,-60.5,23.12
JS17-006,DDH,2017,JASON,Jason Main,NAD83 / UTM zone 9N,436483.46,7002761.95,1298.52,2017-10-24,101,-60,16.12
JS17-007,DDH,2017,JASON,Jason Main,NAD83 / UTM zone 9N,436338.42,7002792.99,1298.54,2017-10-24,106.5,-45,14.12
JS18-001,DDH,2018,JASON,Jason South,NAD83 / UTM zone 9N,436670.68,7002472.96,1204.48,Historical,678,-68,217.12
JS19-001,DDH,2019,JASON,Jason Exploration,NAD83 / UTM zone 9N,436216.13,7002988.61,1311.187,2020-01-07,108,-47.7,10.23
JS19-002,DDH,2019,JASON,Jason Exploration,NAD83 / UTM zone 9N,436166.24,7002949.74,1299.641,2020-01-07,100.2,-49,11.03
JS23-001,DDH,2023,JASON,Jason South,NAD83 / UTM zone 9N,436722.335,7002304.477,1185,2024-02-01,587,-84.47,228.15
JS23-001D1,DDH,2023,JASON,Jason South,NAD83 / UTM zone 9N,436722.335,7002304.477,1185,2024-02-01,665,-84.47,228.15
JS75-001,DDH,1975,JASON,Jason Main,NAD83 / UTM zone 9N,436396.42,7002772.54,1295.52,Historical,31.09,-90,1.12
JS75-002,DDH,1975,JASON,Jason Main,NAD83 / UTM zone 9N,436396.42,7002772.54,1295.52,Historical,117.35,-50,91.12
JS75-003,DDH,1975,JASON,Jason Main,NAD83 / UTM zone 9N,436396.42,7002772.54,1295.52,Historical,53.64,-50,1.12
JS75-004,DDH,1975,JASON,Jason Main,NAD83 / UTM zone 9N,436405.97,7002851.21,1304.83,Historical,67.67,-50,181.12
JS75-005,DDH,1975,JASON,Jason Main,NAD83 / UTM zone 9N,436407.19,7002902.48,1314.95,Historical,140.82,-50,181.12
JS75-006,DDH,1975,JASON,Jason Exploration,NAD83 / UTM zone 9N,436047.34,7002772.03,1261.88,Historical,117.65,-50,46.12
JS75-007,DDH,1975,JASON,Jason Exploration,NAD83 / UTM zone 9N,436103.07,7002792.43,1272.12,Historical,163.98,-50,226.12
JS76-008,DDH,1976,JASON,Exploration,NAD83 / UTM zone 9N,438608.62,7003868.68,1211.4,Historical,350.82,-90,271.12
JS76-009,DDH,1976,JASON,Jason Exploration,NAD83 / UTM zone 9N,436447.44,7002525.41,1248.92,Historical,18.29,-50,271.12
JS76-009A,DDH,1976,JASON,Jason South,NAD83 / UTM zone 9N,436447.44,7002525.41,1248.92,Historical,85.34,-50,271.12
JS76-010,DDH,1976,JASON,Jason Exploration,NAD83 / UTM zone 9N,436320.68,7002521.99,1246.59,Historical,133.29,-50,91.12
JS76-011,DDH,1976,JASON,Jason Main,NAD83 / UTM zone 9N,436590.73,7002678.79,1274.28,Historical,141.73,-55,1.12
JS76-012,DDH,1976,JASON,Jason Main,NAD83 / UTM zone 9N,436265.17,7002968.87,1316.04,Historical,149.96,-55,181.12
JS76-013,DDH,1976,JASON,Jason Main,NAD83 / UTM zone 9N,436853.12,7002672.81,1201.34,Historical,17.68,-50,1.12
JS76-013A,DDH,1976,JASON,Jason Main,NAD83 / UTM zone 9N,436853.12,7002672.81,1201.34,Historical,90.53,-50,1.12
JS76-014,DDH,1976,JASON,Jason Main,NAD83 / UTM zone 9N,436852.22,7002626.23,1194.05,Historical,102.11,-53,1.12
JS76-015,DDH,1976,JASON,Jason Main,NAD83 / UTM zone 9N,437048.99,7002556.65,1157.96,Historical,157.28,-51,1.12
JS76-016,DDH,1976,JASON,Jason Main,NAD83 / UTM zone 9N,437048.88,7002632.21,1161.28,Historical,122.22,-52,1.12
JS76-017,DDH,1976,JASON,Exploration,NAD83 / UTM zone 9N,438480.12,7004050.46,1159.77,Historical,482.8,-90,291.12
JS76-018,DDH,1976,JASON,Exploration,NAD83 / UTM zone 9N,436339.45,7003602.47,1389.06,Historical,56.69,-50,181.12
JS76-019,DDH,1976,JASON,Exploration,NAD83 / UTM zone 9N,436304.86,7003481.37,1388.45,Historical,130.45,-50,1.12
JS76-020,DDH,1976,JASON,Jason Exploration,NAD83 / UTM zone 9N,436391.58,7002554.37,1253.55,Historical,121.92,-49.5,1.12
JS77-021,DDH,1977,JASON,Jason Main,NAD83 / UTM zone 9N,436855.25,7002611.66,1193.07,Historical,171.9,-71,2.12
JS77-022,DDH,1977,JASON,Jason Main,NAD83 / UTM zone 9N,436590.46,7002699.99,1275.95,Historical,263.96,-72,1.12
JS77-023,DDH,1977,JASON,Jason Main,NAD83 / UTM zone 9N,436123.75,7002931.45,1290.39,Historical,128.02,-70,186.12
JS77-024,DDH,1977,JASON,Jason Main,NAD83 / UTM zone 9N,436401.17,7002730.28,1293.7,Historical,294.13,-70,359.12
JS77-025,DDH,1977,JASON,Jason Main,NAD83 / UTM zone 9N,436264.94,7002981.15,1316.58,Historical,263.65,-71,175.37
JS77-026,DDH,1977,JASON,Jason Main,NAD83 / UTM zone 9N,436968.9,7002552.69,1168.88,Historical,283.31,-72,343.12
JS78-027,DDH,1978,JASON,Jason Main,NAD83 / UTM zone 9N,436766.33,7002628.59,1213.26,Historical,221.28,-70,1.12
JS78-028A,DDH,1978,JASON,Jason Main,NAD83 / UTM zone 9N,437048.75,7002493.67,1155.73,Historical,367.28,-72,351.12
JS78-029,DDH,1978,JASON,Jason Exploration,NAD83 / UTM zone 9N,436402.29,7002682.47,1286.99,Historical,91.16,-50,181.12
JS78-030,DDH,1978,JASON,Jason South,NAD83 / UTM zone 9N,436420,7002571.39,1261.65,Historical,257.56,-51,178.12
JS78-031,DDH,1978,JASON,Jason Exploration,NAD83 / UTM zone 9N,436782.71,7002454.34,1186.36,Historical,619.35,-70,5.12
JS78-032,DDH,1978,JASON,Jason South,NAD83 / UTM zone 9N,436428.73,7002487.83,1240.14,Historical,121.92,-50,181.12
JS78-033,DDH,1978,JASON,Jason South,NAD83 / UTM zone 9N,436320.68,7002522,1246.59,Historical,154.53,-62,181.12
JS78-034,DDH,1978,JASON,Jason South,NAD83 / UTM zone 9N,436527.15,7002322.66,1203.34,Historical,154.23,-55,1.12
JS78-035,DDH,1978,JASON,Jason Exploration,NAD83 / UTM zone 9N,437071.2,7002801.72,1171.46,Historical,133.2,-51,273.12
JS78-036,DDH,1978,JASON,Jason Exploration,NAD83 / UTM zone 9N,437202.2,7002800.77,1157.63,Historical,230.12,-51,270.12
JS78-037,DDH,1978,JASON,Jason Exploration,NAD83 / UTM zone 9N,437187.66,7002800.32,1159.16,Historical,54.86,-50,91.12
JS78-038,DDH,1978,JASON,Jason Main,NAD83 / UTM zone 9N,437124.39,7002696.14,1155.46,Historical,30.48,-55,345.12
JS78-039,DDH,1978,JASON,Jason Main,NAD83 / UTM zone 9N,437117.46,7002715.98,1156.61,Historical,68.58,-45,160.12
JS78-040,DDH,1978,JASON,Jason Main,NAD83 / UTM zone 9N,437105.59,7002646.73,1155.35,Historical,97.54,-55,57.12
JS78-041,DDH,1978,JASON,Jason South,NAD83 / UTM zone 9N,436407.82,7002363.92,1212.82,Historical,144.78,-54,49.12
JS78-042,DDH,1978,JASON,Jason South,NAD83 / UTM zone 9N,436453.59,7002340.61,1208.28,Historical,143.26,-55,46.12
JS78-043,DDH,1978,JASON,Jason Exploration,NAD83 / UTM zone 9N,436524.1,7002262.91,1194.47,Historical,192.02,-55,46.12
JS79-044,DDH,1979,JASON,Jason Exploration,NAD83 / UTM zone 9N,436340.15,7002461.24,1234.52,Historical,60.35,-50,46.12
JS79-045,DDH,1979,JASON,Jason Exploration,NAD83 / UTM zone 9N,436186.8,7002558.77,1242.62,Historical,149.05,-50,46.12
JS79-046,DDH,1979,JASON,Exploration,NAD83 / UTM zone 9N,437447.05,7000551.15,1203.1,Historical,277.06,-60,271.12
JS79-047,DDH,1979,JASON,Jason Exploration,NAD83 / UTM zone 9N,436125.68,7002693.65,1259.59,Historical,166.12,-50,224.12
JS79-048,DDH,1979,JASON,Exploration,NAD83 / UTM zone 9N,434780.03,7003316.85,1309.01,Historical,87.48,-55,226.12
JS79-049,DDH,1979,JASON,Jason Exploration,NAD83 / UTM zone 9N,436046.72,7002984.5,1283.02,Historical,281.94,-57,201.12
JS79-050,DDH,1979,JASON,Exploration,NAD83 / UTM zone 9N,434674.01,7003166.13,1337.54,Historical,397.76,-55,46.12
JS79-051,DDH,1979,JASON,Jason South,NAD83 / UTM zone 9N,436367.61,7002308.1,1202.28,Historical,3.96,-60,33.12
JS79-051A,DDH,1979,JASON,Jason South,NAD83 / UTM zone 9N,436367.61,7002308.1,1202.28,Historical,305.41,-60,33.12
JS79-052,DDH,1979,JASON,Exploration,NAD83 / UTM zone 9N,435262.89,7003737.5,1372.34,Historical,209.39,-50,46.12
JS80-053,DDH,1980,JASON,Jason Exploration,NAD83 / UTM zone 9N,436280.63,7002416.66,1222.06,Historical,309.37,-55,31.12
JS80-054,DDH,1980,JASON,Jason Exploration,NAD83 / UTM zone 9N,436611.54,7002510.84,1215.73,Historical,386.79,-65,207.12
JS80-055,DDH,1980,JASON,Jason Exploration,NAD83 / UTM zone 9N,436200.56,7002782.18,1279.34,Historical,242.93,-65,226.12
JS80-056,DDH,1980,JASON,Jason Main,NAD83 / UTM zone 9N,436688.58,7002619.17,1230.05,Historical,23.62,-70,229.12
JS80-056A,DDH,1980,JASON,Jason Main,NAD83 / UTM zone 9N,436688.58,7002619.17,1230.05,Historical,647.4,-70,229.12
JS80-056AW1,DDH,1980,JASON,Jason Main,NAD83 / UTM zone 9N,436688.58,7002619.17,1230.05,Historical,679.7,-70,229.12
JS80-057,DDH,1980,JASON,Jason Exploration,NAD83 / UTM zone 9N,436512.14,7001966.82,1158.36,Historical,17.98,-50,76.12
JS80-057A,DDH,1980,JASON,Jason Exploration,NAD83 / UTM zone 9N,436512.14,7001966.82,1158.36,Historical,182.27,-50,61.12
JS80-058,DDH,1980,JASON,Exploration,NAD83 / UTM zone 9N,434979.09,7004135.64,1450.87,Historical,170.99,-70,226.12
JS80-059,DDH,1980,JASON,End Zone,NAD83 / UTM zone 9N,433205.45,7004941.39,1407.13,Historical,153.31,-50,206.24
JS80-060,DDH,1980,JASON,End Zone,NAD83 / UTM zone 9N,433205.45,7004941.39,1407.13,Historical,242.32,-70,206.24
JS80-061,DDH,1980,JASON,Jason Exploration,NAD83 / UTM zone 9N,436485.24,7002633.13,1276.85,Historical,203.3,-78,217.12
JS80-062,DDH,1980,JASON,End Zone,NAD83 / UTM zone 9N,433253.9,7004763.69,1373.8,Historical,135.64,-50,28.24
JS80-063,DDH,1980,JASON,Jason South,NAD83 / UTM zone 9N,436401.92,7002765.54,1295.52,Historical,591.62,-72.5,184.12
JS80-063W1,DDH,1980,JASON,Jason South,NAD83 / UTM zone 9N,436401.92,7002765.54,1295.52,Historical,379.78,-72.5,184.12
JS80-063W2,DDH,1980,JASON,Jason South,NAD83 / UTM zone 9N,436401.92,7002765.54,1295.52,Historical,561.9,-72.5,184.12
JS80-064,DDH,1980,JASON,End Zone,NAD83 / UTM zone 9N,433255.48,7004764.92,1373.8,Historical,206.96,-60,208.24
JS80-065,DDH,1980,JASON,End Zone,NAD83 / UTM zone 9N,433317.39,7004879.55,1410.4,Historical,238.05,-71,211.24
JS80-066,DDH,1980,JASON,Exploration,NAD83 / UTM zone 9N,433459.3,7004539.05,1352.62,Historical,384.35,-55,32.24
JS80-067,DDH,1980,JASON,End Zone,NAD83 / UTM zone 9N,433084.24,7004859.78,1375.23,Historical,99.67,-50,31.24
JS81-068,DDH,1981,JASON,Jason South,NAD83 / UTM zone 9N,436435.45,7002625.3,1276.62,Historical,971.4,-90,1.12
JS81-068W1,DDH,1981,JASON,Jason South,NAD83 / UTM zone 9N,436435.45,7002625.3,1276.62,Historical,862.93,-90,1.12
JS81-068W2,DDH,1981,JASON,Jason South,NAD83 / UTM zone 9N,436435.45,7002625.3,1276.62,Historical,806.81,-90,1.12
JS81-068W3,DDH,1981,JASON,Jason South,NAD83 / UTM zone 9N,436435.45,7002625.3,1276.62,Historical,726.34,-90,1.12
JS81-068W4,DDH,1981,JASON,Jason South,NAD83 / UTM zone 9N,436435.45,7002625.3,1276.62,Historical,750.31,-90,1.12
JS81-068W5,DDH,1981,JASON,Jason South,NAD83 / UTM zone 9N,436435.45,7002625.3,1276.62,Historical,980.54,-90,1.12
JS81-069,DDH,1981,JASON,Jason Exploration,NAD83 / UTM zone 9N,436385.55,7003104.68,1347.29,Historical,1042.72,-80,181.12
JS81-070,DDH,1981,JASON,Jason South,NAD83 / UTM zone 9N,436467.79,7002729.54,1296.55,Historical,847.65,-80.1,172.32
JS81-070W1,DDH,1981,JASON,Jason South,NAD83 / UTM zone 9N,436467.79,7002729.54,1296.55,Historical,910.44,-80.1,172.32
JS81-071,DDH,1981,JASON,Jason Main,NAD83 / UTM zone 9N,436672.83,7002704.01,1252.87,Historical,108.2,-49.5,19.12
JS81-072,DDH,1981,JASON,Jason Main,NAD83 / UTM zone 9N,436672.83,7002704.01,1252.87,Historical,203,-75,19.12
JS81-073,DDH,1981,JASON,Jason Main,NAD83 / UTM zone 9N,436658.82,7002627.21,1235.8,Historical,24.99,-69,21.12
JS81-074,DDH,1981,JASON,Jason Main,NAD83 / UTM zone 9N,436658.82,7002627.21,1235.8,Historical,274.93,-69,19.12
JS81-075,DDH,1981,JASON,Jason Main,NAD83 / UTM zone 9N,436660.82,7002625.21,1235.8,Historical,553.83,-82.5,19.12
JS81-076,DDH,1981,JASON,Jason Main,NAD83 / UTM zone 9N,436494.17,7002722.64,1296.69,Historical,168.25,-59,6.12
JS81-077,DDH,1981,JASON,Jason Main,NAD83 / UTM zone 9N,436660.82,7002625.21,1235.8,Historical,298.09,-76,19.12
JS81-078,DDH,1981,JASON,Jason Main,NAD83 / UTM zone 9N,436494.17,7002722.64,1296.69,Historical,428.55,-83,356.12
JS81-078W1,DDH,1981,JASON,Jason Main,NAD83 / UTM zone 9N,436494.17,7002722.64,1296.69,Historical,181.79,-83,356.12
JS81-078W2,DDH,1981,JASON,Jason Main,NAD83 / UTM zone 9N,436494.17,7002722.64,1296.69,Historical,376.85,-83,356.12
JS81-079,DDH,1981,JASON,End Zone,NAD83 / UTM zone 9N,432916.61,7004870.16,1362.15,Historical,403.86,-60,211.24
JS81-080,DDH,1981,JASON,Jason Main,NAD83 / UTM zone 9N,436776.29,7002679.33,1220.13,Historical,249.02,-83.5,16.12
JS81-081,DDH,1981,JASON,Jason Main,NAD83 / UTM zone 9N,436776.29,7002679.33,1220.13,Historical,109.73,-65,26.12
JS81-082,DDH,1981,JASON,End Zone,NAD83 / UTM zone 9N,432911.75,7004858.75,1362.85,Historical,520.29,-75,31.24
JS81-083,DDH,1981,JASON,Jason Main,NAD83 / UTM zone 9N,436857.22,7002577.28,1188.57,Historical,332.23,-77,356.12
JS81-084,DDH,1981,JASON,Jason Exploration,NAD83 / UTM zone 9N,436523.97,7002481.75,1234.46,Historical,621.49,-85.25,173.12
JS81-085,DDH,1981,JASON,Jason South,NAD83 / UTM zone 9N,436492.17,7002525,1246.21,Historical,324.31,-90,1.12
JS81-085W1,DDH,1981,JASON,Jason South,NAD83 / UTM zone 9N,436492.17,7002525,1246.21,Historical,620.27,-90,1.12
JS81-085W2,DDH,1981,JASON,Jason South,NAD83 / UTM zone 9N,436492.17,7002525,1246.21,Historical,669.04,-90,1.12
JS82-086,DDH,1982,JASON,Jason Main,NAD83 / UTM zone 9N,436676.82,7002704.69,1252.44,Historical,848.25,-67.98,185.32
JS82-086W1,DDH,1982,JASON,Jason Main,NAD83 / UTM zone 9N,436676.82,7002704.69,1252.44,Historical,776.33,-67.98,185.32
JS82-087,DDH,1982,JASON,Jason South,NAD83 / UTM zone 9N,436411.34,7002727.22,1293.6,Historical,758.34,-75.92,168.62
JS82-088,DDH,1982,JASON,Jason South,NAD83 / UTM zone 9N,436395.43,7002183.16,1185.88,Historical,467.26,-65,38.12
JS82-089,DDH,1982,JASON,Jason South,NAD83 / UTM zone 9N,436526.49,7002477.86,1234.17,Historical,347.47,-62,193.12
JS90-090,DDH,1990,JASON,Exploration,NAD83 / UTM zone 9N,437648.71,7000078.65,1305,Historical,166.4,-60,226.12
JS90-091,DDH,1990,JASON,Jason Exploration,NAD83 / UTM zone 9N,436538.37,7001950.42,1160,Historical,190.8,-60,136.12
JS90-092,DDH,1990,JASON,Jason Exploration,NAD83 / UTM zone 9N,436590.34,7002061.34,1161.01,Historical,369.7,-60,61.12
JS90-093,DDH,1990,JASON,Jason Exploration,NAD83 / UTM zone 9N,436786.24,7002974.26,1284.46,Historical,137.2,-60,181.12
JS90-094,DDH,1990,JASON,Exploration,NAD83 / UTM zone 9N,436163.44,7003380.53,1356.53,Historical,236.5,-60,226.12
JS90-095,DDH,1990,JASON,Exploration,NAD83 / UTM zone 9N,436673.19,7003242.49,1340,Historical,128.3,-60,226.12
JS90-096,DDH,1990,JASON,Exploration,NAD83 / UTM zone 9N,436047.6,7004123.02,1475.85,Historical,181.1,-60,226.12
JS90-097,DDH,1990,JASON,Exploration,NAD83 / UTM zone 9N,435627.19,7003919.58,1474.24,Historical,203,-60,226.12
JS90-098,DDH,1990,JASON,Exploration,NAD83 / UTM zone 9N,435535.5,7003396.36,1305,Historical,125.6,-60,226.12
JS90-099,DDH,1990,JASON,Exploration,NAD83 / UTM zone 9N,434341.01,7004346.95,1441.07,Historical,213.4,-60,226.24
JS90-100,DDH,1990,JASON,Exploration,NAD83 / UTM zone 9N,434147.73,7004404.02,1440,Historical,145.1,-60,226.24
JS90-101,DDH,1990,JASON,Jason Exploration,NAD83 / UTM zone 9N,437049.96,7002369.7,1155,Historical,570.6,-70,231.12
JS91-102,DDH,1991,JASON,End Zone,NAD83 / UTM zone 9N,433117.55,7004836.66,1377.409,Historical,336.2,-80,31.24
JS91-103,DDH,1991,JASON,Exploration,NAD83 / UTM zone 9N,433957.71,7004418.9,1390.5,Historical,88.1,-60,46.24
JS91-104,DDH,1991,JASON,Exploration,NAD83 / UTM zone 9N,435151.83,7004368.16,1553.08,Historical,294.1,-60,291.12
JS91-105,DDH,1991,JASON,Exploration,NAD83 / UTM zone 9N,435975.04,7001988.43,1240,Historical,102.1,-60,46.12
JS91-106,DDH,1991,JASON,Exploration,NAD83 / UTM zone 9N,437577.61,7000977.04,1210,Historical,437.4,-60,241.12
JS91-107,DDH,1991,JASON,Exploration,NAD83 / UTM zone 9N,437937.6,7002532.04,1170,Historical,300.3,-60,1.12
JS91-108,DDH,1991,JASON,Exploration,NAD83 / UTM zone 9N,437407.61,7001872.04,1150,Historical,711,-70,251.12
JS91-109,DDH,1991,JASON,Exploration,NAD83 / UTM zone 9N,437567.61,7000762.04,1215,Historical,283.8,-60,251.12
KB23-001,DDH,2023,NIDD,Kobuk,NAD83 / UTM zone 9N,418651,7012138,1311,2023-10-24,368,-51.42,6.19
KB23-002,DDH,2023,NIDD,Kobuk,NAD83 / UTM zone 9N,418754,7011620,1225,2023-10-24,284,-65.18,4.3
MP19-001,DDH,2019,NS,Exploration,NAD83 / UTM zone 9N,429812,7005982,1228.338,2020-01-07,89,-50,207.25
MP19-002,DDH,2019,MC,Exploration,NAD83 / UTM zone 9N,417543,7017670,1664.371,2020-01-07,63.2,-49,211.03
MP20-001,DDH,2020,TOM,Tom Exploration,NAD83 / UTM zone 9N,438698,7003094,1311,Historical,632,-60,295
MPRC19-001,RC,2019,MAC,Exploration,NAD83 / UTM zone 9N,439993.58,7005941.94,1186.635,Historical,10.67,-90,1.03
MPRC19-002,RC,2019,MC,Exploration,NAD83 / UTM zone 9N,440039.75,7005878.95,1203.619,Historical,6.1,-90,1.03
MPRC19-003,RC,2019,MP,Exploration,NAD83 / UTM zone 9N,440135.83,7005914.23,1208.729,Historical,7.62,-90,1.03
MPRC19-004,RC,2019,MC,Exploration,NAD83 / UTM zone 9N,440225.8,7005936.07,1210.088,Historical,9.14,-90,1.03
MPRC19-005,RC,2019,MC,Exploration,NAD83 / UTM zone 9N,440191.45,7005972.45,1208.611,Historical,5.49,-90,1.03
MPRC19-006,RC,2019,MC,Exploration,NAD83 / UTM zone 9N,440619.43,7005590.62,1314.876,Historical,16.76,-90,1.03
MPRC19-007,RC,2019,MC,Exploration,NAD83 / UTM zone 9N,440657.94,7005631.9,1311.899,Historical,15.24,-90,1.03
MPRC19-008,RC,2019,MAC,Exploration,NAD83 / UTM zone 9N,429799,7005947,1221.098,Historical,21.34,-90,1.03
MPRC19-009,RC,2019,MAC,Exploration,NAD83 / UTM zone 9N,429751,7005947,1214.413,Historical,13.72,-90,1.03
MPRC19-010,RC,2019,MAC,Exploration,NAD83 / UTM zone 9N,430832,7005736,1323.044,Historical,21.34,-90,1.03
MPRC19-011,RC,2019,MAC,Exploration,NAD83 / UTM zone 9N,430903,7005703,1322.732,Historical,21.34,-90,1.03
MPRC19-012,RC,2019,MAC,Exploration,NAD83 / UTM zone 9N,435844,7001033,1186.486,Historical,16.76,-90,1.03
MPRC19-013,RC,2019,MAC,Exploration,NAD83 / UTM zone 9N,435816,7000818,1182.985,Historical,22.86,-90,1.03
MPRC19-014,RC,2019,MAC,Exploration,NAD83 / UTM zone 9N,435951,7000922,1170.693,Historical,18.29,-90,1.03
N81-1,DDH,1981,JASON,End Zone,NAD83 / UTM zone 9N,432641.87,7005248.13,1387.221,Historical,250.2,-65,226.19
N81-2,DDH,1981,JASON,End Zone,NAD83 / UTM zone 9N,432561.25,7005164.3,1365.67,Historical,126.49,-60,226.2
N81-3,DDH,1981,JASON,End Zone,NAD83 / UTM zone 9N,432720.65,7005190.49,1377.586,Historical,177.7,-60,226.19
N81-4,DDH,1981,JASON,End Zone,NAD83 / UTM zone 9N,432847.49,7005335.19,1417.548,Historical,309.68,-60,226.19
NB19-001,DDH,2019,NIDD,Boundary,NAD83 / UTM zone 9N,422370.38,7010438.82,1170.538,2019-10-16,308.8,-50,215
NB19-002,DDH,2019,NIDD,Boundary,NAD83 / UTM zone 9N,422371.22,7010439.77,1170.864,2019-11-05,357,-65,216.38
NB20-001,DDH,2020,NIDD,Boundary,NAD83 / UTM zone 9N,422437.85,7010415.034,1162.477,2021-01-26,303.5,-54,270
NB20-002,DDH,2020,NIDD,Boundary,NAD83 / UTM zone 9N,422334.76,7010336.595,1133.862,2021-01-26,320,-50,20.33
NB20-003,DDH,2020,NIDD,Boundary West,NAD83 / UTM zone 9N,421557,7010456,1200,2021-02-25,152,-50,186.36
NB20-004,DDH,2020,NIDD,Boundary West,NAD83 / UTM zone 9N,422051.985,7010613.421,1217.298,2021-02-03,333,-48.9,214.33
NB20-005,DDH,2020,NIDD,Boundary West,NAD83 / UTM zone 9N,422268.594,7010304.113,1126.247,2021-02-25,143,-50,215.33
NB20-006,DDH,2020,NIDD,Boundary,NAD83 / UTM zone 9N,422269.304,7010305.188,1126.097,2021-02-25,205,-80,215.33
NB20-007,DDH,2020,NIDD,Boundary West,NAD83 / UTM zone 9N,421947.379,7010539.093,1196.728,2021-02-25,90,-70,214.36
NB20-008,DDH,2020,NIDD,Boundary West,NAD83 / UTM zone 9N,422169.854,7010554.109,1202.586,2021-02-25,324,-50,215.33
NB20-009,DDH,2020,NIDD,Boundary West,NAD83 / UTM zone 9N,421947.536,7010539.189,1196.626,2021-02-25,447.16,-75,206.36
NB21-001,DDH,2021,NIDD,Boundary West,NAD83 / UTM zone 9N,422052.264,7010613.624,1217.417,2021-08-17,277,-65,212.18
NB21-002,DDH,2021,NIDD,Boundary West,NAD83 / UTM zone 9N,422052.545,7010614.025,1217.597,2021-09-16,439,-75,212.18
NB21-003,DDH,2021,NIDD,Boundary West,NAD83 / UTM zone 9N,421931.832,7010643.529,1226.328,2021-11-23,189,-50,205.18
NB21-004,DDH,2021,NIDD,Boundary West,NAD83 / UTM zone 9N,421931.937,7010643.597,1226.472,2021-11-23,385.7,-75,205.18
NB21-005,DDH,2021,NIDD,Boundary,NAD83 / UTM zone 9N,422397.382,7010550.251,1203.145,2021-11-18,481.7,-75,212.16
NB21-006,DDH,2021,NIDD,Boundary West,NAD83 / UTM zone 9N,422093.024,7010515.98,1188.16,2021-11-23,157.37,-50,212.16
NB21-007,DDH,2021,NIDD,Boundary West,NAD83 / UTM zone 9N,422094.152,7010517.585,1188.656,2021-11-23,106.7,-70,212.15
NB21-008,DDH,2021,NIDD,Boundary West,NAD83 / UTM zone 9N,422094.157,7010517.598,1188.639,2021-11-23,325.8,-75,212.15
NB21-009,DDH,2021,NIDD,Boundary West,NAD83 / UTM zone 9N,422128.041,7010632.399,1222.956,2022-03-10,445.6,-68,212.14
NB21-010,DDH,2021,NIDD,Boundary,NAD83 / UTM zone 9N,422190.497,7010400.374,1159.259,2022-03-10,190.5,-75,211.13
NB22-001,DDH,2022,NIDD,Boundary,NAD83 / UTM zone 9N,421861.117,7010461.228,1177.922,2022-11-22,463.4,-58,30
NB22-002,DDH,2022,NIDD,Boundary,NAD83 / UTM zone 9N,421940.038,7010404.7,1164.044,2022-11-22,491,-57,33
NB22-003,DDH,2022,NIDD,Boundary,NAD83 / UTM zone 9N,422105.204,7010682.598,1238.313,2023-01-31,64,-76,212
NB22-004,DDH,2022,NIDD,Boundary West,NAD83 / UTM zone 9N,422105.204,7010682.598,1238.313,2023-02-15,403,-76,211
NB22-005,DDH,2022,NIDD,Boundary,NAD83 / UTM zone 9N,422229.606,7010523.695,1193.404,2023-01-31,326,-50,214
NB22-006,DDH,2022,NIDD,Boundary,NAD83 / UTM zone 9N,422538.692,7010536.055,1194.859,2023-01-31,375,-55,207
NB22-007,DDH,2022,NIDD,Boundary West,NAD83 / UTM zone 9N,421940.489,7010405.115,1164.063,2023-02-15,365,-47,36
NB22-008,DDH,2022,NIDD,Boundary,NAD83 / UTM zone 9N,422274.034,7010599.507,1216.699,2023-01-31,213,-68.5,207
NB22-009,DDH,2022,NIDD,Boundary,NAD83 / UTM zone 9N,422438.376,7010417.165,1165.393,2023-02-27,147.5,-50,210.57
NB22-010,DDH,2022,NIDD,Boundary,NAD83 / UTM zone 9N,422389.658,7010384.863,1151.642,2023-02-27,91,-50.2,207
NB22-011,DDH,2022,NIDD,Boundary,NAD83 / UTM zone 9N,422439.673,7010418.553,1163.806,2023-02-27,265.3,-69,208
NB22-012,DDH,2022,NIDD,Boundary,NAD83 / UTM zone 9N,422342.493,7010619.984,1219.031,2023-03-02,353,-65,201
NB22-013,DDH,2022,NIDD,Boundary,NAD83 / UTM zone 9N,422389.834,7010386.278,1149.852,2023-02-27,127,-70.3,205
NB22-014,DDH,2022,NIDD,Boundary,NAD83 / UTM zone 9N,422329.845,7010383.778,1146.239,2023-02-15,31,-50,212
NB22-015,DDH,2022,NIDD,Boundary,NAD83 / UTM zone 9N,422330.608,7010384.989,1146.358,2023-03-02,145,-75,212
NB22-016,DDH,2022,NIDD,Boundary,NAD83 / UTM zone 9N,422330.071,7010384.017,1146.193,2023-02-15,58,-55,225.13
NB22-017,DDH,2022,NIDD,Boundary,NAD83 / UTM zone 9N,422330.818,7010385.301,1146.555,2023-03-02,80,-85,212
NB22-018,DDH,2022,NIDD,Boundary,NAD83 / UTM zone 9N,422308.198,7010434.347,1165.99,2023-02-27,271,-58,216
NB22-019,DDH,2022,NIDD,Boundary West,NAD83 / UTM zone 9N,421947.819,7010671.759,1232.44,2023-02-15,340,-57,180
NB22-020,DDH,2022,NIDD,Boundary,NAD83 / UTM zone 9N,422308.213,7010434.827,1166.45,2023-02-27,149,-70,210.99
NB22-021,DDH,2022,NIDD,Boundary,NAD83 / UTM zone 9N,422308.841,7010435.065,1166.87,2023-02-27,112,-82,210.99
NB22-022,DDH,2022,NIDD,Boundary,NAD83 / UTM zone 9N,422291.531,7010473.541,1181.652,2023-03-02,327,-56,211
NB22-023,DDH,2022,NIDD,Boundary,NAD83 / UTM zone 9N,422291.921,7010474.287,1181.85,2023-03-02,367,-70,211
NB23-001,DDH,2023,NIDD,Boundary,NAD83 / UTM zone 9N,422291.988,7010475.445,1182.026,2023-07-26,460,-75.66,211.99
NB23-002,DDH,2023,NIDD,Boundary,NAD83 / UTM zone 9N,422230.083,7010525.05,1193.659,2023-07-26,351,-68.9,214.06
NB23-003,DDH,2023,NIDD,Boundary,NAD83 / UTM zone 9N,422230.411,7010525.34,1193.75,2023-07-26,418,-76.71,213.4
NB23-004,DDH,2023,NIDD,Boundary West,NAD83 / UTM zone 9N,422171.248,7010556.997,1203.478,2023-08-22,431.05,-77.85,213.91
NB23-005,DDH,2023,NIDD,Boundary West,NAD83 / UTM zone 9N,422057.779,7010588.543,1207.817,2023-08-22,234,-50.99,198.14
NB23-006,DDH,2023,NIDD,Boundary,NAD83 / UTM zone 9N,422170.82,7010556.76,1203.444,2023-08-22,373,-69.28,215.44
NB23-007,DDH,2023,NIDD,Boundary West,NAD83 / UTM zone 9N,422058.193,7010590.289,1208.641,2023-08-22,461,-85.82,206.37
NB23-008,DDH,2023,NIDD,Boundary,NAD83 / UTM zone 9N,422170.624,7010556.598,1203.12,2023-08-22,385,-59.84,214.2
NB23-009,DDH,2023,NIDD,Boundary West,NAD83 / UTM zone 9N,422058.3,7010590.695,1208.17,2023-10-24,67,-75.03,198.54
NB23-010,DDH,2023,NIDD,Boundary,NAD83 / UTM zone 9N,422239.461,7010382.307,1149.614,2023-10-24,96,-44.35,212.44
NB23-011,DDH,2023,NIDD,Boundary West,NAD83 / UTM zone 9N,422058.305,7010589.827,1208.3,2023-10-24,289,-76.04,201.59
NB23-012,DDH,2023,NIDD,Boundary,NAD83 / UTM zone 9N,422288.251,7010534.154,1201.855,2023-10-24,452,-69.9,211.75
NB23-013,DDH,2023,NIDD,Boundary West,NAD83 / UTM zone 9N,422070.872,7010667.395,1232.991,2023-10-24,551,-77.22,214.94
NB23-014,DDH,2023,NIDD,Boundary,NAD83 / UTM zone 9N,422241.037,7010384.652,1150.728,2023-10-24,223.2,-70.83,213.68
NB23-015,DDH,2023,NIDD,Boundary,NAD83 / UTM zone 9N,422241.697,7010387.822,1153.233,2023-10-24,339,-83.83,216.07
NB23-016,DDH,2023,NIDD,Boundary,NAD83 / UTM zone 9N,422274.052,7010600.701,1215.184,2023-10-24,460.92,-73.35,209.92
NB23-017,DDH,2023,NIDD,Boundary,NAD83 / UTM zone 9N,422278.24,7010358.042,1144.652,2023-11-30,96,-49.88,190.27
NB23-018,DDH,2023,NIDD,Boundary,NAD83 / UTM zone 9N,422279.105,7010359.353,1141.886,2023-11-30,195,-66.1,190.21
NB23-019,DDH,2023,NIDD,Boundary,NAD83 / UTM zone 9N,422288.506,7010535.654,1201.305,2023-11-30,560.5,-82.38,209.95
NB23-020,DDH,2023,NIDD,Boundary,NAD83 / UTM zone 9N,422464.709,7010511.321,1191.487,2023-11-30,414,-63.68,208.61
NB23-021,DDH,2023,NIDD,Boundary,NAD83 / UTM zone 9N,422389.998,7010502.724,1190.173,2023-11-30,442,-77.29,201.96
NB23-022,DDH,2023,NIDD,Boundary,NAD83 / UTM zone 9N,421947.943,7010675.432,1233.947,2024-01-09,386,-73.2,178.3
NB23-022D1,DDH,2023,NIDD,Boundary West,NAD83 / UTM zone 9N,421947.943,7010675.432,1233.947,2024-01-09,448,-73.2,178.3
NB23-023,DDH,2023,NIDD,Boundary,NAD83 / UTM zone 9N,422448.156,7010350.198,1144.763,2024-01-22,181,-49.6,209.89
NB23-024,DDH,2023,NIDD,Boundary,NAD83 / UTM zone 9N,422348.491,7010550.794,1204.024,2023-11-30,405,-50.72,199.65
NB23-025,DDH,2023,NIDD,Boundary,NAD83 / UTM zone 9N,422342.848,7010621.248,1220.744,2023-11-30,581.5,-72.29,196.94
NB23-026,DDH,2023,NIDD,Boundary,NAD83 / UTM zone 9N,422448.695,7010351,1144.952,2023-11-30,111,-65.31,210.02
NB23-027,DDH,2023,NIDD,Boundary,NAD83 / UTM zone 9N,422348.991,7010552.195,1204.371,2023-11-30,451,-72.36,198.93
NB23-028,DDH,2023,NIDD,Boundary,NAD83 / UTM zone 9N,422224.711,7010585.531,1209.76,2024-01-09,477,-76.08,212.27
NB23-029,DDH,2023,NIDD,Boundary West,NAD83 / UTM zone 9N,422123.896,7010733.367,1249.971,2024-01-09,629.5,-76.46,196.1
NB23-029D1,DDH,2023,NIDD,Boundary West,NAD83 / UTM zone 9N,422123.896,7010733.367,1249.971,2024-01-09,689.5,-76.46,196.1
NB23-030,DDH,2023,NIDD,Boundary,NAD83 / UTM zone 9N,422535.027,7010615.06,1214.186,2023-11-30,526,-62.29,210.77
NB23-031,DDH,2023,NIDD,Boundary,NAD83 / UTM zone 9N,422329.29,7010670.968,1235.88,2024-01-09,574,-68.89,207.69
NB23-032,DDH,2023,NIDD,Boundary,NAD83 / UTM zone 9N,422164.878,7010640.137,1224.088,2024-01-09,493.34,-72.88,211.98
NB23-033,DDH,2023,NIDD,Boundary West,NAD83 / UTM zone 9N,422227.789,7010663.243,1233.009,2024-01-22,681,-73.13,211.31
NB23-034,DDH,2023,NIDD,Boundary,NAD83 / UTM zone 9N,422138.066,7010674.103,1237.236,2024-01-22,580,-71.87,199.08
NB23-035,DDH,2023,NIDD,Boundary,NAD83 / UTM zone 9N,422228.191,7010663.015,1232.972,2024-01-22,552.28,-72.39,198.53
NB23-036,DDH,2023,NIDD,Boundary,NAD83 / UTM zone 9N,422287.743,7010533.915,1201.952,2024-01-22,397.2,-59.97,212.26
NB23-037,DDH,2023,NIDD,Boundary West,NAD83 / UTM zone 9N,422227.763,7010662.673,1232.939,2024-01-22,544,-66.6,204.73
NB23-038,DDH,2023,NIDD,Boundary,NAD83 / UTM zone 9N,422001.354,7010674.583,1233.127,2024-01-09,426.5,-68.1,180.94
NB82-01,DDH,1982,NIDD,Boundary,NAD83 / UTM zone 9N,423472.4,7010767.36,1226.184,Historical,301.5,-45,211.36
NB82-02,DDH,1982,NIDD,Boundary,NAD83 / UTM zone 9N,423328.49,7010523.36,1182.204,Historical,301.8,-46,211.36
NB82-03,DDH,1982,NIDD,Boundary,NAD83 / UTM zone 9N,423201.62,7010333.12,1139.064,Historical,361.2,-46,211.36
NB82-04,DDH,1982,NIDD,Boundary,NAD83 / UTM zone 9N,423090.09,7010119.39,1133.974,Historical,277.7,-47,215.37
NB83-05,DDH,1983,NIDD,Boundary,NAD83 / UTM zone 9N,422758.63,7010382.01,1163.379,Historical,316.5,-45,211.37
NB83-06,DDH,1983,NIDD,Boundary,NAD83 / UTM zone 9N,423073.69,7010839.65,1252.168,Historical,342.4,-45,211.37
NB83-07,DDH,1983,NIDD,Boundary,NAD83 / UTM zone 9N,422891.49,7010592.96,1198.44,Historical,445.6,-45,211.37
NB83-08,DDH,1983,NIDD,Boundary,NAD83 / UTM zone 9N,422390.28,7010526.09,1196.768,Historical,364.9,-45,211.38
NB83-09,DDH,1983,NIDD,Boundary,NAD83 / UTM zone 9N,422095.25,7010771.18,1261.487,Historical,288.7,-45,211.38
NB84-10,DDH,1984,NIDD,Boundary,NAD83 / UTM zone 9N,422502.85,7010692.9,1239.279,Historical,577.6,-45,211.38
NB84-11,DDH,1984,NIDD,Boundary,NAD83 / UTM zone 9N,423731.11,7010263.15,1166.809,Historical,303.3,-50,211.35
NB84-12,DDH,1984,NIDD,Boundary,NAD83 / UTM zone 9N,424086.37,7010793.47,1177.93,Historical,304.8,-50,211.35
NB89-13,DDH,1989,NIDD,Boundary,NAD83 / UTM zone 9N,422449.71,7010301.13,1133.164,Historical,188.4,-50,211.38
NB89-14,DDH,1989,NIDD,Boundary,NAD83 / UTM zone 9N,422559.72,7010448.4,1168.858,Historical,290.8,-50,211.37
NB90-15,DDH,1990,NIDD,Boundary,NAD83 / UTM zone 9N,424541.22,7010135.69,1235.908,Historical,161,-50,21.34
NB90-16,DDH,1990,NIDD,Boundary,NAD83 / UTM zone 9N,423556.1,7010592.48,1159.751,Historical,256,-50,31.36
NB90-17,DDH,1990,NIDD,Boundary,NAD83 / UTM zone 9N,424783.46,7009906.91,1263.3,Historical,236.3,-50,211.34
NB90-18,DDH,1990,NIDD,Boundary,NAD83 / UTM zone 9N,416003.66,7010884.87,1118.034,Historical,207,-50,31.49
NB90-19,DDH,1990,NIDD,Boundary,NAD83 / UTM zone 9N,421996.96,7010767.05,1254.322,Historical,194.2,-50,211.39
NB90-20,DDH,1990,NIDD,Boundary,NAD83 / UTM zone 9N,422507.01,7010474.03,1180.338,Historical,297.8,-50,211.38
NB91-21,DDH,1991,NIDD,Boundary,NAD83 / UTM zone 9N,421934.03,7010811.66,1275.924,Historical,237.1,-55,211.39
NB91-22,DDH,1991,NIDD,Boundary,NAD83 / UTM zone 9N,420933.69,7010457.68,1222.82,Historical,262.4,-60,211.4
NB91-23,DDH,1991,NIDD,Boundary,NAD83 / UTM zone 9N,416177,7011129,1226.364,Historical,320,-55,211.49
NB91-24A,DDH,1991,NIDD,Boundary,NAD83 / UTM zone 9N,421796.66,7010866.39,1297.453,Historical,309.4,-60,211.39
NB91-25,DDH,1991,NIDD,Boundary,NAD83 / UTM zone 9N,422260.61,7010551.08,1205.201,Historical,205.7,-55,211.38
NB91-26,DDH,1991,NIDD,Boundary,NAD83 / UTM zone 9N,422260.61,7010551.08,1205.201,Historical,433.4,-55,151.38
TRC20-001,RC,2020,TOM,Tom West,NAD83 / UTM zone 9N,442065.26,7003666.75,1546.98,2021-05-14,7.62,-50,67.03
TRC20-002,RC,2020,TOM,Tom West,NAD83 / UTM zone 9N,442071,7003663,1547,2021-05-14,82.3,-80,66.03
TRC20-003,RC,2020,TOM,Tom West,NAD83 / UTM zone 9N,442071,7003663,1547,2021-05-14,64.01,-55,66.03
TRC20-004,RC,2020,TOM,Tom West,NAD83 / UTM zone 9N,442071,7003663,1547,2021-05-14,64.01,-70,90.03
TRC20-005,RC,2020,TOM,Tom West,NAD83 / UTM zone 9N,442071,7003663,1547,2021-05-14,47.24,-55,130.03
TRC20-006,RC,2020,TOM,Tom West,NAD83 / UTM zone 9N,442049,7003678,1545,2021-05-14,36.58,-80,66.03
TRC20-007,RC,2020,TOM,Tom North,NAD83 / UTM zone 9N,441653,7004472,1427,2021-05-14,98.45,-51,76
TS001,DDH,1952,TOM,Tom West,NAD83 / UTM zone 9N,441888.14,7004051.35,1532.57,Historical,301.75,-35,65.03
TS002,DDH,1952,TOM,Tom West,NAD83 / UTM zone 9N,441942.15,7003966.21,1539.31,Historical,216.71,-35,65.03
TS003,DDH,1952,TOM,Tom Exploration,NAD83 / UTM zone 9N,441826.15,7004181.9,1527.04,Historical,79.55,-35,65.03
TS004,DDH,1952,TOM,Tom West,NAD83 / UTM zone 9N,441983.46,7003850.58,1526.92,Historical,93.88,-35,65.03
TS005,DDH,1952,TOM,Tom Exploration,NAD83 / UTM zone 9N,441796.11,7004298.67,1516,Historical,64.62,-35,65.03
TS006,DDH,1952,TOM,Tom West,NAD83 / UTM zone 9N,442042.2,7003735.71,1535,Historical,60.66,-35,65.03
TS007,DDH,1952,TOM,Tom Exploration,NAD83 / UTM zone 9N,441770.25,7004421.49,1489.24,Historical,91.44,-35,65.03
TS008,DDH,1952,TOM,Tom Exploration,NAD83 / UTM zone 9N,442078.67,7003627.15,1556.18,Historical,67.06,-45,65.03
TS009,DDH,1952,TOM,Tom Exploration,NAD83 / UTM zone 9N,441738.41,7004542.21,1472.06,Historical,171.6,-35,65.03
TS010,DDH,1952,TOM,Tom West,NAD83 / UTM zone 9N,441876.74,7003935.82,1507.69,Historical,128.01,-35,65.03
TS011,DDH,1952,TOM,Tom Exploration,NAD83 / UTM zone 9N,441724.92,7004654.02,1449.01,Historical,63.09,-35,65.03
TS012,DDH,1952,TOM,Tom West,NAD83 / UTM zone 9N,442146.28,7003725.58,1549.96,Historical,193.54,-50,245.03
TS013,DDH,1952,TOM,Tom Exploration,NAD83 / UTM zone 9N,441649.76,7004637.13,1426.2,Historical,96.31,-40,65.03
TS014,DDH,1952,TOM,Tom Exploration,NAD83 / UTM zone 9N,441481.25,7004894.07,1421.59,Historical,138.37,-35,65.03
TS015,DDH,1952,TOM,Tom Exploration,NAD83 / UTM zone 9N,442123.52,7003648.37,1548.94,Historical,149.96,-35,245.03
TS016,DDH,1952,TOM,Tom West,NAD83 / UTM zone 9N,441835.85,7003915.62,1487.95,Historical,154.22,-40,65.03
TS017,DDH,1952,TOM,Tom West,NAD83 / UTM zone 9N,442013.02,7003727.99,1527.66,Historical,96.62,-65,65.03
TS018,DDH,1952,TOM,Tom West,NAD83 / UTM zone 9N,442049.3,7003677.7,1544.59,Historical,83.81,-50,65.03
TS019,DDH,1952,TOM,Tom West,NAD83 / UTM zone 9N,441814.21,7003972.79,1484.08,Historical,147.82,-40,65.03
TS020,DDH,1952,TOM,Tom West,NAD83 / UTM zone 9N,442057.53,7003647,1554.52,Historical,110.64,-65,65.03
TS021,DDH,1952,TOM,Tom West,NAD83 / UTM zone 9N,441763.13,7004018.14,1476.79,Historical,195.68,-40,65.03
TS022,DDH,1952,TOM,Tom West,NAD83 / UTM zone 9N,441889.85,7003805.98,1494.15,Historical,167.63,-35,65.03
TS023,DDH,1952,TOM,Tom West,NAD83 / UTM zone 9N,441763.13,7004018.14,1476.79,Historical,215.49,-75,65.03
TS023A,DDH,1952,TOM,Tom West,NAD83 / UTM zone 9N,441763.13,7004018.14,1476.79,Historical,46.93,-65,65.03
TS024,DDH,1952,TOM,Tom West,NAD83 / UTM zone 9N,441889.85,7003805.98,1494.15,Historical,212.44,-75,65.03
TS025,DDH,1952,TOM,Tom Exploration,NAD83 / UTM zone 9N,441685.15,7004117.52,1448.53,Historical,219.15,-75,65.03
TS026,DDH,1952,TOM,Tom West,NAD83 / UTM zone 9N,441815.13,7003908.44,1478.68,Historical,226.16,-75,65.03
TS027,DDH,1953,TOM,Tom Exploration,NAD83 / UTM zone 9N,441627.82,7004222.04,1432.74,Historical,290.13,-75,65.03
TS028,DDH,1953,TOM,Tom Exploration,NAD83 / UTM zone 9N,441606.68,7004750.62,1439.5,Historical,6.71,-45,65.03
TS028A,DDH,1953,TOM,Tom Exploration,NAD83 / UTM zone 9N,441606.68,7004750.62,1439.5,Historical,109.94,-44,65.03
TS029,DDH,1953,TOM,Tom Exploration,NAD83 / UTM zone 9N,441527.97,7004849.69,1428.6,Historical,149.35,-35,65.03
TS030,DDH,1953,TOM,Tom Exploration,NAD83 / UTM zone 9N,441507.42,7004701.92,1398.26,Historical,179.83,-40,65.03
TS031,DDH,1953,TOM,Tom Exploration,NAD83 / UTM zone 9N,441432.06,7005207.74,1468.48,Historical,188.06,-40,65.03
TS031A,DDH,1953,TOM,Tom Exploration,NAD83 / UTM zone 9N,441432.06,7005207.74,1468.48,Historical,48.76,-35,65.03
TS032,DDH,1953,TOM,Tom Exploration,NAD83 / UTM zone 9N,441304.4,7005151.84,1421.49,Historical,183.79,-40,65.03
TS033,DDH,1953,TOM,Tom Exploration,NAD83 / UTM zone 9N,441181.15,7005085.83,1366.09,Historical,178.3,-40,65.03
TS034,DDH,1953,TOM,Tom Exploration,NAD83 / UTM zone 9N,441521.96,7005252,1518.86,Historical,62.48,-40,65.03
TS035,DDH,1953,TOM,Tom East,NAD83 / UTM zone 9N,441975.3,7004319.72,1634.91,Historical,122.22,-35,65.03
TS036,DDH,1953,TOM,Tom East,NAD83 / UTM zone 9N,441955.36,7004378.54,1610.3,Historical,123.14,-35,65.03
TS037,DDH,1967,TOM,Tom East,NAD83 / UTM zone 9N,441975.3,7004319.72,1634.91,Historical,183.48,-60,65.03
TS038,DDH,1967,TOM,Tom West,NAD83 / UTM zone 9N,442028.89,7003601.96,1579.89,Historical,177.69,-78,65.03
TS039,DDH,1967,TOM,Tom West,NAD83 / UTM zone 9N,442028.89,7003601.96,1579.89,Historical,208.17,-88,245.03
TS040,DDH,1967,TOM,Tom West,NAD83 / UTM zone 9N,441901.31,7003688.38,1554.79,Historical,268.83,-80,65.03
TS041,DDH,1967,TOM,Tom East,NAD83 / UTM zone 9N,442015.62,7004270.31,1662.55,Historical,78.02,-40,65.03
TS042,DDH,1967,TOM,Tom East,NAD83 / UTM zone 9N,442040.5,7004216.66,1675.26,Historical,126.18,-40,65.03
TS043,DDH,1967,TOM,Tom East,NAD83 / UTM zone 9N,442040.5,7004216.66,1675.26,Historical,179.83,-60,65.03
TS044,DDH,1967,TOM,Tom West,NAD83 / UTM zone 9N,441997.33,7003588.46,1597.63,Historical,117.04,-83,245.03
TS045,DDH,1967,TOM,Tom West,NAD83 / UTM zone 9N,441997.33,7003588.46,1597.63,Historical,135.63,-83,245.03
TS046,DDH,1967,TOM,Tom Exploration,NAD83 / UTM zone 9N,442088.21,7004101.94,1680.82,Historical,215.79,-40,65.03
TS047,DDH,1968,TOM,Tom East,NAD83 / UTM zone 9N,442188.8,7004215.82,1767.82,Historical,162.45,-60,245.03
TS048,DDH,1968,TOM,Tom East,NAD83 / UTM zone 9N,441930.06,7004433.43,1584.33,Historical,199.03,-45,65.03
TS049,DDH,1968,TOM,Tom East,NAD83 / UTM zone 9N,442188.8,7004215.82,1767.82,Historical,346.25,-85,245.03
TS050,DDH,1968,TOM,Tom East,NAD83 / UTM zone 9N,441930.06,7004433.43,1584.33,Historical,276.45,-70,65.03
TS051,DDH,1968,TOM,Tom East,NAD83 / UTM zone 9N,441941.06,7004303.71,1612.56,Historical,16.45,-73,65.03
TS052,DDH,1968,TOM,Tom East,NAD83 / UTM zone 9N,441941.06,7004303.71,1612.56,Historical,376.73,-73,65.03
TS053,DDH,1968,TOM,Tom East,NAD83 / UTM zone 9N,441901.29,7004353.63,1583.67,Historical,110.33,-68,65.03
TS054,DDH,1968,TOM,Tom East,NAD83 / UTM zone 9N,441955.76,7004244.53,1621.77,Historical,291.08,-60,65.03
TS055,DDH,1968,TOM,Tom East,NAD83 / UTM zone 9N,441901.29,7004353.63,1583.67,Historical,241.4,-45,65.03
TS056,DDH,1968,TOM,Tom Exploration,NAD83 / UTM zone 9N,442057.57,7004127.94,1669.28,Historical,172.21,-55,73.03
TS057,DDH,1968,TOM,Tom Exploration,NAD83 / UTM zone 9N,442537.14,7004310.07,1872.39,Historical,156.66,-45,296.03
TS058,DDH,1968,TOM,Tom East,NAD83 / UTM zone 9N,441994.47,7004268.2,1650.27,Historical,209.39,-60,65.03
TS059,DDH,1968,TOM,Tom Exploration,NAD83 / UTM zone 9N,442408.39,7004251.32,1851.99,Historical,92.04,-45,65.03
TS060,DDH,1968,TOM,Tom Exploration,NAD83 / UTM zone 9N,441065.87,7005036.45,1332.81,Historical,163.67,-48,65.03
TS061,DDH,1968,TOM,Tom East,NAD83 / UTM zone 9N,441941.06,7004303.71,1612.56,Historical,71.32,-55,65.03
TS062,DDH,1968,TOM,Tom East,NAD83 / UTM zone 9N,441941.06,7004303.71,1612.56,Historical,278.59,-60,65.03
TS063,DDH,1978,TOM,Tom Exploration,NAD83 / UTM zone 9N,441895.06,7004551.73,1535.67,Historical,131.97,-50,245.03
TS064,DDH,1978,TOM,Tom Exploration,NAD83 / UTM zone 9N,441861.68,7004529.33,1530.11,Historical,117.95,-50,65.03
TS065,DDH,1978,TOM,Tom Exploration,NAD83 / UTM zone 9N,441932.16,7004559.05,1540.93,Historical,99.05,-50,65.03
TS066,DDH,1978,TOM,Tom Exploration,NAD83 / UTM zone 9N,441955.68,7004568.78,1548.26,Historical,98.75,-60,245.03
TS067,DDH,1978,TOM,Tom Exploration,NAD83 / UTM zone 9N,441681.02,7004585.88,1435.97,Historical,139.29,-60,65.03
TS068,DDH,1979,TOM,Exploration,NAD83 / UTM zone 9N,440444.12,7005201.6,1289.84,Historical,153.62,-60,356.03
TS069,DDH,1979,TOM,Exploration,NAD83 / UTM zone 9N,440739.01,7005311.69,1341.91,Historical,114,-50,354.03
TS070,DDH,1979,TOM,Exploration,NAD83 / UTM zone 9N,440979.71,7005347.43,1377.47,Historical,140.82,-50,354.03
TS071,DDH,1979,TOM,Exploration,NAD83 / UTM zone 9N,441191.67,7005255.29,1408.67,Historical,189.28,-50,340.03
TS072,DDH,1979,TOM,Tom Exploration,NAD83 / UTM zone 9N,441588.75,7004945.72,1484.21,Historical,178.92,-60,65.03
TS073,DDH,1979,TOM,Tom Exploration,NAD83 / UTM zone 9N,442232.38,7003475.43,1615.8,Historical,142.04,-80,335.03
TS074,DDH,1979,TOM,Tom Southeast,NAD83 / UTM zone 9N,442394.72,7003570.9,1642.23,Historical,154.84,-60,312.03
TS075,DDH,1979,TOM,Tom Exploration,NAD83 / UTM zone 9N,442617.06,7004276.35,1892.76,Historical,81.08,-50,273.03
TS076,DDH,1979,TOM,Tom Exploration,NAD83 / UTM zone 9N,442617.06,7004276.35,1892.76,Historical,89,-70,273.03
TS077,DDH,1979,TOM,Tom Southeast,NAD83 / UTM zone 9N,442433.33,7003630.31,1646.05,Historical,90.53,-60,312.03
TS078,DDH,1979,TOM,Tom Southeast,NAD83 / UTM zone 9N,442481.51,7003582.74,1667.68,Historical,170.38,-70,312.03
TS079,DDH,1979,TOM,Tom Southeast,NAD83 / UTM zone 9N,442447.08,7003520.92,1663.49,Historical,211.23,-85,312.03
TS080,DDH,1979,TOM,Tom Southeast,NAD83 / UTM zone 9N,442446.28,7003521.95,1663.3,Historical,164.74,-60,312.03
TS081,DDH,1979,TOM,Tom Southeast,NAD83 / UTM zone 9N,442474.19,7003680.67,1671.805,Historical,174.04,-50,312.03
TS082,DDH,1979,TOM,Tom Exploration,NAD83 / UTM zone 9N,442505.44,7003804.5,1750.98,Historical,240.79,-60,309.03
TS083,DDH,1980,TOM,Tom West,NAD83 / UTM zone 9N,442025.34,7003802.99,1533.85,Historical,132.66,-45,67.03
TS084,DDH,1980,TOM,Tom West,NAD83 / UTM zone 9N,442025.34,7003802.99,1533.85,Historical,123.3,-85,67.03
TS085,DDH,1980,TOM,Tom West,NAD83 / UTM zone 9N,441972.11,7003908.32,1536,Historical,57.65,-45,67.03
TS086,DDH,1980,TOM,Tom West,NAD83 / UTM zone 9N,441972.11,7003908.32,1536,Historical,94.5,-78,67.03
TS087,DDH,1980,TOM,Tom West,NAD83 / UTM zone 9N,441911.39,7004019.38,1538.65,Historical,80.77,-45,67.03
TS088,DDH,1980,TOM,Tom West,NAD83 / UTM zone 9N,441911.39,7004019.38,1538.65,Historical,107.29,-80,67.03
TS089,DDH,1980,TOM,Tom East,NAD83 / UTM zone 9N,442003.4,7004302.16,1656.18,Historical,103.94,-50,67.03
TS090,DDH,1980,TOM,Tom East,NAD83 / UTM zone 9N,442003.4,7004302.16,1656.18,Historical,175.68,-60,67.03
TS091,DDH,1980,TOM,Tom East,NAD83 / UTM zone 9N,441991.78,7004358.47,1633.93,Historical,142.13,-60,67.03
TS091W1,DDH,1980,TOM,Tom East,NAD83 / UTM zone 9N,441991.78,7004358.47,1633.93,Historical,153.41,-60,67.03
TS092,DDH,1980,TOM,Tom East,NAD83 / UTM zone 9N,441991.78,7004358.47,1633.93,Historical,111.25,-45,67.03
TS093,DDH,1980,TOM,Tom Exploration,NAD83 / UTM zone 9N,442168.82,7003483.72,1606.63,Historical,125.58,-72,1.03
TS17-001,DDH,2017,TOM,Tom West,NAD83 / UTM zone 9N,441827.01,7003906.5,1484.276,2017-09-12,190.04,-45,66.03
TS17-002,DDH,2017,TOM,Tom West,NAD83 / UTM zone 9N,442020.95,7003824.91,1535.558,2017-09-12,64,-45,66.03
TS17-003,DDH,2017,TOM,Tom West,NAD83 / UTM zone 9N,442021.79,7003825.11,1535.656,2017-09-12,50,-55,66.03
TS17-004,DDH,2017,TOM,Tom West,NAD83 / UTM zone 9N,442017.56,7003756.7,1531.475,2017-09-12,86.5,-67,66.03
TS17-005,DDH,2017,TOM,Tom West,NAD83 / UTM zone 9N,441874.6,7004026.96,1522.195,2017-09-12,112.7,-58,66.03
TS17-006,DDH,2017,TOM,Tom West,NAD83 / UTM zone 9N,441904.42,7003735.32,1530.292,2017-12-05,269.3,-75,66.03
TS17-007,DDH,2017,TOM,Tom East,NAD83 / UTM zone 9N,442016.13,7004270.63,1662.452,2017-12-05,164,-45,84.03
TS18-001,DDH,2018,TOM,Tom West,NAD83 / UTM zone 9N,442015.72,7003369.15,1686.713,2019-01-02,442,-75,69.03
TS18-002,DDH,2018,TOM,Tom West,NAD83 / UTM zone 9N,441774.74,7003477.13,1635.87,2018-10-10,626.5,-82.5,31.03
TS18-003,DDH,2018,TOM,Tom West,NAD83 / UTM zone 9N,442092.63,7003486.62,1613.177,2018-10-10,266,-83,65.03
TS18-004,DDH,2018,TOM,Tom East,NAD83 / UTM zone 9N,442254.99,7004494.09,1682.921,2018-09-20,422,-65,238.03
TS18-005,DDH,2018,TOM,Tom West,NAD83 / UTM zone 9N,441986.23,7003626.21,1577.181,2018-10-10,413.5,-68,52.03
TS18-006,DDH,2018,TOM,Tom West,NAD83 / UTM zone 9N,442089.96,7003486.33,1612.939,2019-01-02,142,-70,67.04
TS18-007,DDH,2018,TOM,Tom West,NAD83 / UTM zone 9N,441902.87,7004055.95,1538.928,2018-10-10,135.5,-49.93,65.79
TS18-008,DDH,2018,TOM,Tom West,NAD83 / UTM zone 9N,442022.34,7003608.88,1579.217,2018-10-10,278.5,-82.67,64.32
TS18-009,DDH,2018,TOM,Tom West,NAD83 / UTM zone 9N,441875.87,7004111.45,1538.339,2018-10-31,60,-84.36,59.96
TS18-010,DDH,2018,TOM,Tom East,NAD83 / UTM zone 9N,442254.58,7004491.26,1683.159,2018-10-31,326,-49.92,243.92
TS18-011,DDH,2018,TOM,Tom West,NAD83 / UTM zone 9N,441901.55,7004055.5,1538.927,2018-10-31,83,-74.19,59.76
TS18-012,DDH,2018,TOM,Tom West,NAD83 / UTM zone 9N,442022.21,7003608.84,1579.216,2018-11-13,305,-88,65.03
TS18-013,DDH,2018,TOM,Tom Exploration,NAD83 / UTM zone 9N,442405.47,7003953.84,1724.016,2018-11-13,368,-50,261.03
TS18-014,DDH,2018,TOM,Tom West,NAD83 / UTM zone 9N,442043.55,7003581.03,1583.273,2018-11-13,212.5,-67.84,75.57
TS19-001,DDH,2019,TOM,Tom North,NAD83 / UTM zone 9N,441686.25,7004447.51,1442.154,2019-08-20,110,-51,77.03
TS19-002,DDH,2019,TOM,Tom North,NAD83 / UTM zone 9N,441716.43,7004332.2,1465.872,2019-08-20,119,-51,74.53
TS19-003,DDH,2019,TOM,Tom North,NAD83 / UTM zone 9N,441628.32,7004602.4,1416.88,2019-08-20,125,-52,58.53
TS19-004,DDH,2019,TOM,Tom West,NAD83 / UTM zone 9N,442043.43,7003582.05,1583.24,2019-08-20,234,-77,91.53
TS19-005,DDH,2019,TOM,Tom North,NAD83 / UTM zone 9N,441803.53,7004294.77,1519.149,2019-08-20,45,-50,76.53
TS19-006,DDH,2019,TOM,Tom North,NAD83 / UTM zone 9N,441803.31,7004294.68,1519.132,2019-08-20,54,-60.8,71.63
TS19-007,DDH,2019,TOM,Tom East,NAD83 / UTM zone 9N,442002.34,7004363,1637.678,2019-09-10,330,-65.2,56.43
TS19-008,DDH,2019,TOM,Tom North,NAD83 / UTM zone 9N,441746.7,7004540.67,1474.073,2019-09-10,84,-50.4,60.43
TS19-009,DDH,2019,TOM,Tom North,NAD83 / UTM zone 9N,441770.21,7004425.67,1487.214,2019-09-10,45,-50,65.03
TS19-010,DDH,2019,TOM,Tom Exploration,NAD83 / UTM zone 9N,440256,7005942.9,1210.747,2020-01-07,184.8,-50,318.03
TS21-001,DDH,2021,TOM,Tom East,NAD83 / UTM zone 9N,442063.565,7004321.926,1678.467,2022-01-12,402.7,-82,61.85
TS21-002,DDH,2021,TOM,Tom East,NAD83 / UTM zone 9N,442197,7004428,1688,2022-03-10,48.07,-89,236.84
TS21-003,DDH,2021,TOM,Tom East,NAD83 / UTM zone 9N,442198.908,7004430.65,1687.613,2022-03-10,401.5,-89,236.84
TS22-001,DDH,2022,TOM,Tom West,NAD83 / UTM zone 9N,441993.566,7003679.43,1545.328,2023-03-06,200,-80,59.67
TS22-002,DDH,2022,TOM,Tom East,NAD83 / UTM zone 9N,442063.105,7004321.887,1676.818,2023-03-06,172,-90,59.67
TS22-003,DDH,2022,TOM,Tom West,NAD83 / UTM zone 9N,441994.476,7003679.688,1545.135,2023-03-06,125,-55,65.66
TS22-004,DDH,2022,TOM,Tom West,NAD83 / UTM zone 9N,441993.148,7003679.283,1545.297,2023-03-06,214.2,-89,65.03
TS22-005,DDH,2022,TOM,Tom West,NAD83 / UTM zone 9N,442045.631,7003766.554,1532.517,2023-03-06,128,-50,62.67
TS22-006,DDH,2022,TOM,Tom West,NAD83 / UTM zone 9N,442043.595,7003581.813,1581.415,2023-03-06,190.5,-75,48.67
TS22-007,DDH,2022,TOM,Tom West,NAD83 / UTM zone 9N,441942.864,7003968.854,1537.629,2023-03-06,86,-80,65.67
TS22-008,DDH,2022,TOM,Tom West,NAD83 / UTM zone 9N,441944.537,7003969.549,1537.55,2023-03-06,61,-45,65.67
TS22-009,DDH,2022,TOM,Tom West,NAD83 / UTM zone 9N,442043.027,7003581.28,1581.236,2023-03-06,335,-89,48.67
TS23-001,DDH,2023,TOM,Tom North,NAD83 / UTM zone 9N,441763.39,7004227.102,1493.321,2024-02-01,143,-49.12,75.08
TS23-002,DDH,2023,TOM,Tom North,NAD83 / UTM zone 9N,441762.631,7004227.038,1493.18,2024-02-01,182,-79.72,74.97
TS23-003,DDH,2023,TOM,Tom West,NAD83 / UTM zone 9N,441677.233,7004024.725,1444.617,2024-02-01,299,-68.51,74.17
TS23-004,DDH,2023,TOM,Tom West,NAD83 / UTM zone 9N,441693.435,7003883.42,1463.124,2024-02-01,369.33,-71.48,68.41
TS23-005,DDH,2023,TOM,Tom West,NAD83 / UTM zone 9N,441760.199,7003769.868,1508.186,2024-02-01,407,-73.83,72.87
TS23-006,DDH,2023,TOM,Tom West,NAD83 / UTM zone 9N,441779.519,7004076.289,1483.005,2024-02-01,137,-49.91,66.28
TS23-007,DDH,2023,TOM,Tom West,NAD83 / UTM zone 9N,441778.816,7004076.37,1482.867,2024-02-01,215,-78.12,64.57
TS23-008,DDH,2023,TOM,Tom West,NAD83 / UTM zone 9N,441815.087,7003716.131,1536.465,2024-02-01,428,-87.42,83.02
TS23-009,DDH,2023,TOM,Tom West,NAD83 / UTM zone 9N,442363.009,7003105.99,1747.29,2024-02-01,749,-81.26,353.11
TS23-009D1,DDH,2023,TOM,Tom West,NAD83 / UTM zone 9N,442363.009,7003105.99,1747.29,2024-02-01,747.5,-81.26,353.11
TS23-009D2,DDH,2023,TOM,Tom West,NAD83 / UTM zone 9N,442363.009,7003105.99,1747.29,2024-02-01,821,-81.26,353.11
TS88-001,DDH,1988,TOM,Tom West,NAD83 / UTM zone 9N,441882.78,7003417.71,1634.41,Historical,649.8,-85.5,66.03
TS88-002,DDH,1988,TOM,Tom Exploration,NAD83 / UTM zone 9N,442231.54,7003323.66,1716.15,Historical,448.4,-85,1.03
TS88-003,DDH,1988,TOM,Tom Southeast,NAD83 / UTM zone 9N,442539.59,7003410.87,1742.29,Historical,486.3,-85.5,311.03
TS88-004,DDH,1988,TOM,Tom West,NAD83 / UTM zone 9N,441869.2,7003328.2,1607.08,Historical,641.2,-85.5,66.03
TS88-004W1,DDH,1990,TOM,Tom West,NAD83 / UTM zone 9N,441869.2,7003328.2,1607.08,Historical,372.8,-85.5,69.03
TS89-005,DDH,1989,TOM,Tom Exploration,NAD83 / UTM zone 9N,442438.26,7003210.89,1746.63,Historical,593.4,-90,1.03
TS89-006,DDH,1989,TOM,Tom Southeast,NAD83 / UTM zone 9N,442695.89,7003619.48,1757.26,Historical,494.1,-87.5,311.03
TS89-007,DDH,1989,TOM,Tom West,NAD83 / UTM zone 9N,441975.17,7003247.23,1653.89,Historical,687,-87,51.03
TS89-007W1,DDH,1990,TOM,Tom West,NAD83 / UTM zone 9N,441975.17,7003247.23,1653.89,Historical,617.5,-87,51.03
TS89-008,DDH,1989,TOM,Exploration,NAD83 / UTM zone 9N,441001.35,7005641.19,1392.28,Historical,400.5,-48,202.83
TS90-009,DDH,1990,TOM,Tom West,NAD83 / UTM zone 9N,442035.25,7003189.91,1656.96,Historical,645,-86,61.03
TS90-009W1,DDH,1990,TOM,Tom West,NAD83 / UTM zone 9N,442035.25,7003189.91,1656.96,Historical,548.6,-86,61.03
TS90-010,DDH,1990,TOM,Tom Southeast,NAD83 / UTM zone 9N,442855.14,7003254.59,1847.5,Historical,797.1,-86,311.03
TS90-011,DDH,1990,TOM,Tom Exploration,NAD83 / UTM zone 9N,442407.82,7003333.58,1719.14,Historical,474,-85.5,331.03
TS90-012,DDH,1990,TOM,Tom West,NAD83 / UTM zone 9N,442055.58,7002956.65,1712.5,Historical,945.2,-86,61.03
TS91-013,DDH,1991,TOM,Tom West,NAD83 / UTM zone 9N,441917.57,7004016.86,1538.65,Historical,394.4,-55,66.03
TS91-014,DDH,1991,TOM,Tom West,NAD83 / UTM zone 9N,442045.79,7003766.54,1534.77,Historical,522.4,-65,66.03
TS91-015,DDH,1991,TOM,Tom Exploration,NAD83 / UTM zone 9N,442251.91,7004493.1,1683,Historical,553.5,-86,246.03
TS91-016,DDH,1991,TOM,Exploration,NAD83 / UTM zone 9N,439827.06,7005130.58,1259.285,Historical,476.4,-75,6.03
TS91-017,DDH,1991,TOM,Exploration,NAD83 / UTM zone 9N,440767.96,7005739.66,1311.703,Historical,126.5,-70,1.03
TS91-018,DDH,1991,TOM,Tom Exploration,NAD83 / UTM zone 9N,441476.91,7005246.46,1497,Historical,246.1,-65,141.03
TS91-019,DDH,1991,TOM,Exploration,NAD83 / UTM zone 9N,439208.01,7004995.4,1198.548,Historical,419.4,-70,1.03
TS91-020,DDH,1991,TOM,Tom Exploration,NAD83 / UTM zone 9N,442410.98,7003954.83,1723.03,Historical,144.8,-60,344.03
TU001,UDDH,1970,TOM,Tom East,NAD83 / UTM zone 9N,442084.28,7004359.79,1441.8,Historical,44.2,-2,45.8
TU002,UDDH,1970,TOM,Tom East,NAD83 / UTM zone 9N,442078.83,7004350.89,1441.3,Historical,68.58,0,71.68
TU003,UDDH,1970,TOM,Tom West,NAD83 / UTM zone 9N,442028.11,7003801.85,1441.98,Historical,10.67,0,67.48
TU004,UDDH,1970,TOM,Tom West,NAD83 / UTM zone 9N,442023.82,7003799.23,1441.98,Historical,33.83,0,247.48
TU005,UDDH,1970,TOM,Tom East,NAD83 / UTM zone 9N,442084.4,7004399.45,1441.62,Historical,53.34,0,56.78
TU006,UDDH,1970,TOM,Tom East,NAD83 / UTM zone 9N,442080.94,7004397.51,1441.62,Historical,15.24,0,240.78
TU007,UDDH,1970,TOM,Tom East,NAD83 / UTM zone 9N,442118.79,7004350.05,1441.68,Historical,46.63,0,60.66
TU008,UDDH,1970,TOM,Tom East,NAD83 / UTM zone 9N,442115.03,7004347.92,1441.68,Historical,13.41,0,240.66
TU009,UDDH,1970,TOM,Tom East,NAD83 / UTM zone 9N,442053.99,7004326.56,1441.53,Historical,120.4,20,45.83
TU010,UDDH,1970,TOM,Tom East,NAD83 / UTM zone 9N,442053.99,7004326.56,1443,Historical,105.46,-20,45.83
TU011,UDDH,1970,TOM,Tom East,NAD83 / UTM zone 9N,442118.27,7004348.34,1441.78,Historical,60.66,0,122.85
TU012,UDDH,1970,TOM,Tom East,NAD83 / UTM zone 9N,442072.37,7004431.78,1441.89,Historical,15.24,0,246.13
TU013,UDDH,1970,TOM,Tom East,NAD83 / UTM zone 9N,442076.55,7004432.94,1441.89,Historical,15.85,0,66.13
TU014,UDDH,1970,TOM,Tom East,NAD83 / UTM zone 9N,442088.4,7004380.4,1441.81,Historical,12.5,0,57.55
TU015,UDDH,1970,TOM,Tom West,NAD83 / UTM zone 9N,442046.34,7003674.41,1442.94,Historical,23.16,0,66.66
TU016,UDDH,1970,TOM,Tom West,NAD83 / UTM zone 9N,442033.07,7003734.57,1442.57,Historical,124,0,65.63
TU017,UDDH,1970,TOM,Tom West,NAD83 / UTM zone 9N,442029.59,7003732.3,1442.46,Historical,22.25,0,243.46
TU018,UDDH,1970,TOM,Tom West,NAD83 / UTM zone 9N,442005.68,7003857.39,1441.64,Historical,18.9,0,66.81
TU019,UDDH,1970,TOM,Tom West,NAD83 / UTM zone 9N,442001.37,7003856.08,1441.67,Historical,28.04,0,246.81
TU020,UDDH,1970,TOM,Tom West,NAD83 / UTM zone 9N,441977.65,7003908.72,1441.57,Historical,22.25,0,66.25
TU021,UDDH,1970,TOM,Tom East,NAD83 / UTM zone 9N,442053.44,7004326.1,1443.74,Historical,90.53,45,45.83
TU022,UDDH,1970,TOM,Tom East,NAD83 / UTM zone 9N,442052.94,7004324.12,1442.68,Historical,98.76,0,117.02
TU023,UDDH,1970,TOM,Tom East,NAD83 / UTM zone 9N,442061.87,7004493.88,1441.97,Historical,10.67,0,64.26
TU024,UDDH,1970,TOM,Tom East,NAD83 / UTM zone 9N,442057.04,7004492.61,1441.96,Historical,81.99,0,249.66
TU025,UDDH,1970,TOM,Tom East,NAD83 / UTM zone 9N,442057.28,7004493.65,1444.96,Historical,28.65,0,289.7
TU026,UDDH,1970,TOM,Tom East,NAD83 / UTM zone 9N,442057.04,7004492.61,1440.69,Historical,109.12,-40,249.66
TU027,UDDH,1970,TOM,Tom East,NAD83 / UTM zone 9N,442057.41,7004492.49,1443.83,Historical,30.18,40,249.66
TU028,UDDH,1970,TOM,Tom West,NAD83 / UTM zone 9N,442083.28,7003617.86,1443.17,Historical,29.57,0,68.55
TU029,UDDH,1970,TOM,Tom West,NAD83 / UTM zone 9N,442080.32,7003616.04,1443.25,Historical,11.28,0,248.55
TU030,UDDH,1970,TOM,Tom East,NAD83 / UTM zone 9N,442120.99,7004443.41,1442.99,Historical,63.09,25,246.93
TU031,UDDH,1970,TOM,Tom East,NAD83 / UTM zone 9N,442120.93,7004443.39,1440.89,Historical,65.84,-40,246.93
TU032,UDDH,1970,TOM,Tom East,NAD83 / UTM zone 9N,442057.31,7004522.86,1441.95,Historical,53.34,0,247.23
TU033,UDDH,1970,TOM,Tom East,NAD83 / UTM zone 9N,442061.69,7004525.11,1441.95,Historical,15.54,0,67.23
TU034,UDDH,1970,TOM,Tom East,NAD83 / UTM zone 9N,442121.78,7004443.7,1440.53,Historical,62.79,-70,246.94
TU035,UDDH,1970,TOM,Tom West,NAD83 / UTM zone 9N,442099.01,7003600.13,1442.93,Historical,17.07,0,66.23
TU036,UDDH,1970,TOM,Tom West,NAD83 / UTM zone 9N,442094.3,7003598.52,1443.13,Historical,7.92,0,226.53
TU037,UDDH,1970,TOM,Tom West,NAD83 / UTM zone 9N,442078.66,7003653.85,1443.3,Historical,12.2,0,65.15
TU038,UDDH,1970,TOM,Tom West,NAD83 / UTM zone 9N,442074.96,7003652.04,1443.13,Historical,14.33,0,244.41
TU039,UDDH,1970,TOM,Tom West,NAD83 / UTM zone 9N,442023.5,7003644.39,1441.71,Historical,77.11,-60,65.03
TU040,UDDH,1970,TOM,Tom West,NAD83 / UTM zone 9N,442021.49,7003642.59,1441.57,Historical,99.06,-90,1.03
TU041,UDDH,1970,TOM,Tom West,NAD83 / UTM zone 9N,442110.29,7003591.05,1443.16,Historical,3.96,0,63.13
TU042,UDDH,1970,TOM,Tom West,NAD83 / UTM zone 9N,442107.9,7003588.68,1443.16,Historical,16.15,0,197.7
TU043,UDDH,1970,TOM,Tom West,NAD83 / UTM zone 9N,442031.49,7003765.74,1442.35,Historical,8.23,0,70.7
TU044,UDDH,1970,TOM,Tom West,NAD83 / UTM zone 9N,442021.15,7003826.15,1441.75,Historical,9.14,0,62.78
TU045,UDDH,1970,TOM,Tom West,NAD83 / UTM zone 9N,441990.02,7003885.64,1441.46,Historical,11.28,0,62.95
TU046,UDDH,1970,TOM,Tom West,NAD83 / UTM zone 9N,442021.57,7003643.11,1441.64,Historical,137.77,-83,245.03
TU047,UDDH,1970,TOM,Tom West,NAD83 / UTM zone 9N,442004.05,7003576.25,1441.79,Historical,129.54,-60,65.03
TU048,UDDH,1970,TOM,Tom West,NAD83 / UTM zone 9N,442003.59,7003575.85,1441.79,Historical,71.63,-80,66.03
TU049,UDDH,1970,TOM,Tom West,NAD83 / UTM zone 9N,441973.85,7003907.12,1441.64,Historical,26.21,0,243.08
TU050,UDDH,1970,TOM,Tom West,NAD83 / UTM zone 9N,441951.71,7003966.71,1441.22,Historical,5.79,0,66.96
TU051,UDDH,1970,TOM,Tom West,NAD83 / UTM zone 9N,441946.3,7003965.02,1441.15,Historical,53.64,0,245.85
TU052,UDDH,1971,TOM,Tom West,NAD83 / UTM zone 9N,442007.13,7003518.74,1441.76,Historical,95.71,-50,66.03
TU053,UDDH,1970,TOM,Tom West,NAD83 / UTM zone 9N,441912.19,7004018.56,1440.95,Historical,24.69,0,246.85
TU054,UDDH,1970,TOM,Tom West,NAD83 / UTM zone 9N,441917.18,7004019.74,1440.9,Historical,18.29,0,67.46
TU055,UDDH,1970,TOM,Tom West,NAD83 / UTM zone 9N,441883.77,7004070.32,1441.61,Historical,20.12,0,65.18
TU056,UDDH,1970,TOM,Tom West,NAD83 / UTM zone 9N,441879.74,7004068.1,1441.51,Historical,4.27,0,247.81
TU057,UDDH,1970,TOM,Tom West,NAD83 / UTM zone 9N,442034.76,7003704.6,1442.53,Historical,18.9,0,66.66
TU058,UDDH,1970,TOM,Tom East,NAD83 / UTM zone 9N,442141.1,7004526.23,1441.05,Historical,162.46,-40,250.17
TU059,UDDH,1971,TOM,Tom East,NAD83 / UTM zone 9N,442014.6,7004293.13,1442.55,Historical,23.16,34,9.34
TU060,UDDH,1971,TOM,Tom West,NAD83 / UTM zone 9N,442006.16,7003516.78,1441.78,Historical,176.17,-80,66.03
TU061,UDDH,1971,TOM,Tom East,NAD83 / UTM zone 9N,442098.58,7004398.64,1442,Historical,15.24,0,240.39
TU062,UDDH,1971,TOM,Tom West,NAD83 / UTM zone 9N,442002.25,7003517.64,1442,Historical,245.67,-85,110.53
TU063,UDDH,1971,TOM,Tom West,NAD83 / UTM zone 9N,441936.16,7003481.56,1440,Historical,198.73,-85,65.03
TU063W1,UDDH,1971,TOM,Tom West,NAD83 / UTM zone 9N,441936.16,7003481.56,1443,Historical,303.58,-85,65.03
TU064,UDDH,1971,TOM,Tom West,NAD83 / UTM zone 9N,441936.5,7003482.73,1443,Historical,253.9,-75,43.03
TU065,UDDH,1981,TOM,Tom West,NAD83 / UTM zone 9N,441882.64,7004067.57,1442,Historical,100.96,-30,65.18
TU066,UDDH,1981,TOM,Tom West,NAD83 / UTM zone 9N,441882.64,7004067.57,1442,Historical,88.39,30,65.18
TU067,UDDH,1981,TOM,Tom West,NAD83 / UTM zone 9N,441977.96,7003907.58,1442,Historical,87.17,-38,65.03
TU068,UDDH,1981,TOM,Tom West,NAD83 / UTM zone 9N,441977.96,7003907.58,1442,Historical,46.33,10,65.03
TU069,UDDH,1981,TOM,Tom West,NAD83 / UTM zone 9N,442027.46,7003802.21,1442,Historical,70.71,-42,65.03
TU070,UDDH,1981,TOM,Tom West,NAD83 / UTM zone 9N,442046.24,7003674.75,1441.85,Historical,122.22,-41,68.39
TU071,UDDH,1981,TOM,Tom West,NAD83 / UTM zone 9N,442046.24,7003674.75,1443.4,Historical,23.47,10,65.03
TU072,UDDH,1981,TOM,Tom West,NAD83 / UTM zone 9N,442000.36,7004004,1416.19,Historical,76.81,0.19,105.22
TU073,UDDH,1981,TOM,Tom West,NAD83 / UTM zone 9N,442004.51,7003997.39,1415.23,Historical,60.96,-11.2,106.52
TU074,UDDH,1981,TOM,Tom West,NAD83 / UTM zone 9N,442003.88,7003996.45,1415.23,Historical,91.44,-10.65,150.05
TU075,UDDH,1981,TOM,Tom West,NAD83 / UTM zone 9N,442004.94,7003858.31,1440.87,Historical,122.22,-33.32,68.36
TU076,UDDH,1981,TOM,Tom West,NAD83 / UTM zone 9N,442027.58,7003802.26,1440.68,Historical,23.77,-42,68.65
TU077,UDDH,1981,TOM,Tom West,NAD83 / UTM zone 9N,442078.74,7003652.3,1442.64,Historical,150,-35.2,84.21
TU078,UDDH,1982,TOM,Tom West,NAD83 / UTM zone 9N,441913.53,7003687.35,1301.38,Historical,164.28,-85.26,78.26
TU079,UDDH,1982,TOM,Tom West,NAD83 / UTM zone 9N,441910.16,7003601.35,1303.71,Historical,138.07,-19.5,62.05
TYK001,DDH,2011,TOM,Tom West,NAD83 / UTM zone 9N,442054.1,7003743.46,1536.23,Historical,100,-65,71.03
TYK002,DDH,2011,TOM,Tom West,NAD83 / UTM zone 9N,442053.59,7003743.23,1536.33,Historical,129.5,-85,66.03
TYK003,DDH,2011,TOM,Tom West,NAD83 / UTM zone 9N,441916.08,7004015.95,1538.53,Historical,125,-80,66.03
TYK004,DDH,2011,TOM,Tom West,NAD83 / UTM zone 9N,441972.97,7003907.9,1535.95,Historical,86,-78,66.03
TYK005,DDH,2011,TOM,Tom West,NAD83 / UTM zone 9N,441805.19,7003964.76,1480.01,Historical,158.8,-45,65.68
TYK006,DDH,2011,TOM,Tom West,NAD83 / UTM zone 9N,441803.68,7003963.83,1479.6,Historical,196.74,-65,65.68
TYK007,DDH,2011,TOM,Tom West,NAD83 / UTM zone 9N,441803.28,7003963.84,1482.02,Historical,227,-80,65.68
TYK008,DDH,2011,TOM,Tom West,NAD83 / UTM zone 9N,441825.15,7003908.66,1484.17,Historical,177.62,-50,45.67
TYK009,DDH,2011,TOM,Tom West,NAD83 / UTM zone 9N,441824.96,7003908.59,1481.79,Historical,245,-80,55.67
TYK010,DDH,2011,TOM,Tom West,NAD83 / UTM zone 9N,441868.48,7003867.59,1492.28,Historical,180,-55,65.66
TYK011,DDH,2011,TOM,Tom West,NAD83 / UTM zone 9N,441868.48,7003867.59,1492.28,Historical,204.42,-78,71.03
